used_years,k
0,0.85
1,0.698539057
2,0.594308092
3,0.457710669
4,0.425783001
5,0.393855334
6,0.361927667
7,0.33
8,0.298072333
9,0.266144666
10,0.234216999
11,0.202289331
12,0.170361664
13,0.138433997
14,0.10650633
15,0.074578663
16,0.042650996
17,0.010723329
18,0.01
19,0.01
20,0.01
